{
  "project_info": {
    "project_number": "1080287899040",
    "project_id": "eyeonwaterapp",
    "storage_bucket": "eyeonwaterapp.appspot.com"
  },
  "client": [
    {
      "client_info": {
        "mobilesdk_app_id": "1:1080287899040:android:030d048a0a9f3d5caa88c5",
        "android_client_info": {
          "package_name": "com.example.eyeonwaterapp"
        }
      },
      "oauth_client": [
        {
          "client_id": "1080287899040-sqssghl2mmcthbkllmi71tf51hth1cq8.apps.googleusercontent.com",
          "client_type": 3
        }
      ],
      "api_key": [
        {
          "current_key": "AIzaSyDKiYMx4haolvTsuZ4aGBL_i0XZrCBL3oE"
        }
      ],
      "services": {
        "appinvite_service": {
          "other_platform_oauth_client": [
            {
              "client_id": "1080287899040-sqssghl2mmcthbkllmi71tf51hth1cq8.apps.googleusercontent.com",
              "client_type": 3
            }
          ]
        }
      }
    }
  ],
  "configuration_version": "1"
}